CIK,OFFER_TYPE,NAME,LOCATION,SYMBOL,EXCHANGE,FILING_DATE,PRICE_LOW,PRICE_HIGH,AMOUNT,UWRITERS
1451809,IPO,SiTime Corp.,"Santa Clara, CA",SITM,Nasdaq NM,2019-10-23,13,15,$74.2 mil.,"Barclays Capital, Stifel, Needham & Company, Raymond James, Roth Capital Partners"
1770236,IPO,"Moving iMage Technologies, Inc.","Fountain Valley, CA",MITQ,NYSE,2019-10-11,4,4.5,$10.9 mil.,"Westpark Capital, Inc., Boustead Securities"
1785173,IPO,"89bio, Inc.","San Francisco, CA",ETNB,Nasdaq NM,2019-10-11,15,17,$85.5 mil.,"BofA Merrill Lynch, SVB Leerink, RBC Capital Markets, Oppenheimer & Co. Inc."
1650648,IPO,4D Molecular Therapeutics Inc,"Emeryville, CA",DDDD,Nasdaq NM,2019-09-30,-,-,$100.0 mil.,"Goldman Sachs & Co., Evercore ISI, William Blair & Co., Chardan Capital Markets"
1781162,IPO,Stable Road Acquisition Corp.,"Venice, CA",SRACU,Nasdaq NM,2019-09-27,10,-,$150.0 mil.,Cantor
1758021,IPO,Karat Packaging Inc.,"Chino, CA",KRAT,Nasdaq NM,2019-09-17,7,9,$50.0 mil.,"National Securities, Loop Capital Markets, LLC"
1706431,IPO,"Vir Biotechnology, Inc.","San Francisco, CA",VIR,Nasdaq NM,2019-09-03,20,22,$180.7 mil.,"Goldman Sachs & Co., J.P. Morgan, Cowen, Barclays Capital"
1274737,IPO,"Exagen Diagnostics, Inc.","Vista, CA",XGN,Nasdaq NM,2019-08-23,14,16,$61.3 mil.,"Cowen, Cantor, William Blair & Co."
1770787,IPO,"10x Genomics, Inc.","Pleasanton, CA",TXG,Nasdaq NM,2019-08-19,36,38,$393.3 mil.,"J.P. Morgan, Goldman Sachs & Co., BofA Merrill Lynch, Cowen"
1496323,IPO,"IGM Biosciences, Inc.","Mountain View, CA",IGMS,Nasdaq NM,2019-08-19,15,17,$213.8 mil.,"Jefferies, Piper Jaffray, Stifel, Guggenheim Securities"
1692830,IPO,"Satsuma Pharmaceuticals, Inc.","South San Francisco, CA",STSA,Nasdaq NM,2019-08-16,14,16,$92.0 mil.,"Credit Suisse, SVB Leerink, Evercore ISI"
1477333,IPO,"Cloudflare, Inc.","San Francisco, CA",NET,NYSE,2019-08-15,12,14,$563.5 mil.,"Goldman Sachs & Co., Morgan Stanley, J.P. Morgan, Jefferies, Wells Fargo Securities, RBC Capital Markets, JMP Securities, Evercore ISI, Needham & Company, Oppenheimer & Co. Inc., BTIG, SunTrust Robinson Humphrey"
1777921,IPO,Apex Technology Acquisition Corp,"Burlingame, CA",APTX.U,Nasdaq NM,2019-08-15,10,-,$275.0 mil.,Cantor
1599738,IPO,"HYLETE, Inc.","Solana Beach, CA",HYLT,NYSE,2019-08-06,8,10,$17.3 mil.,"Maxim Group LLC, Westpark Capital, Inc."
1771077,IPO,"Telemynd, Inc.","Mission Viejo, CA",PSYC,Nasdaq NM,2019-07-23,5.5,6.5,$10.5 mil.,Aegis Capital Corp.
1757073,IPO,Envista Holdings Corp,"Brea, CA",NVST,NYSE,2019-07-22,21,24,$738.8 mil.,"J.P. Morgan, Goldman Sachs & Co., Morgan Stanley, Baird, Evercore ISI, Jefferies, BofA Merrill Lynch, Credit Suisse, Stifel, William Blair & Co."
1538716,IPO,Oportun Financial Corp,"San Carlos, CA",OPRT,Nasdaq NM,2019-07-17,15,17,$122.2 mil.,"Barclays Capital, J.P. Morgan, Jefferies, Keefe, Bruyette & Woods, JMP Securities, BTIG"
1691077,IPO,"YayYo, Inc.","Beverly Hills, CA",YAYO,Nasdaq NM,2019-07-15,4,-,$11.5 mil.,Aegis Capital Corp.
1673772,IPO,"RAPT Therapeutics, Inc.","South San Francisco, CA",RAPT,Nasdaq NM,2019-07-05,12,14,$92.0 mil.,"BofA Merrill Lynch, Wells Fargo Securities, UBS Investment Bank"
1772177,IPO,"Kura Sushi USA, Inc.","Irvine, CA",KRUS,Nasdaq NM,2019-07-03,14,16,$53.4 mil.,"BMO Capital Markets, Stephens, Inc., BTIG, Roth Capital Partners, Maxim Group LLC"
1639225,IPO,"Livongo Health, Inc.","Mountain View, CA",LVGO,Nasdaq NM,2019-06-28,24,26,$283.0 mil.,"Morgan Stanley, Goldman Sachs & Co., J.P. Morgan, Piper Jaffray, SVB Leerink, Canaccord Genuity   , KeyBanc Capital Markets, Needham & Company"
1773751,IPO,Oaktree Acquisition Corp.,"Los Angeles, CA",OAC.U,NYSE,2019-06-28,10,-,$175.0 mil.,"Credit Suisse, Deutsche Bank Securities"
1764825,IPO,"Hertz Group Realty Trust, Inc.","Woodland Hills, CA",,,2019-06-27,-,-,$100.0 mil.,
1591587,IPO,"AssetMark Financial Holdings, Inc.","Concord, CA",AMK,NYSE,2019-06-24,19,21,$301.9 mil.,"J.P. Morgan, Goldman Sachs & Co., Credit Suisse, Huatai Securities (USA), BMO Capital Markets, Raymond James, William Blair & Co."
1540184,IPO,"Medallia, Inc.","San Francisco, CA",MDLA,NYSE,2019-06-21,16,18,$300.2 mil.,"BofA Merrill Lynch, Citigroup, Wells Fargo Securities, Credit Suisse, Oppenheimer & Co. Inc., William Blair & Co., Needham & Company, Craig-Hallum Capital Group, Roth Capital Partners"
1759425,IPO,"Mirum Pharmaceuticals, Inc.","Foster City, CA",MIRM,Nasdaq NM,2019-06-21,14,16,$92.0 mil.,"Citigroup, Evercore ISI, Guggenheim Securities, Raymond James, Roth Capital Partners"
1739614,IPO,"Inhibrx, Inc.","La Jolla, CA",INBX,Nasdaq NM,2019-06-03,-,-,$74.8 mil.,"Evercore ISI, Barclays Capital, Nomura Securities, Raymond James"
1573221,IPO,"TheRealReal, Inc.","San Francisco, CA",REAL,Nasdaq NM,2019-05-31,17,19,$327.8 mil.,"Credit Suisse, BofA Merrill Lynch, UBS Investment Bank, KeyBanc Capital Markets, Stifel, Cowen, Raymond James"
1532346,IPO,"Atreca, Inc.","Redwood Cit, CA",BCEL,Nasdaq NM,2019-05-24,16,18,$152.1 mil.,"Cowen, Evercore ISI, Stifel, Canaccord Genuity   , Brookline Capital Markets"
1743881,IPO,"BridgeBio Pharma, Inc.","Palo Alto, CA",BBIO,Nasdaq NM,2019-05-24,14,16,$276.0 mil.,"J.P. Morgan, Goldman Sachs & Co., Jefferies, SVB Leerink, KKR, Piper Jaffray, Mizuho Securities USA Inc., BMO Capital Markets, Raymond James"
1744659,IPO,"Akero Therapeutics, Inc.","South San Francisco, CA",AKRO,Nasdaq NM,2019-05-24,14,16,$92.0 mil.,"J.P. Morgan, Jefferies, Evercore ISI, Roth Capital Partners"
1083743,IPO,"Flux Power Holdings, Inc.","Vista, CA",FLUX,Nasdaq NM,2019-05-24,9,-,$15.0 mil.,"Roth Capital Partners, Maxim Group LLC"
1527753,IPO,"Personalis, Inc.","Menlo Park, CA",PSNL,Nasdaq NM,2019-05-23,14,16,$122.7 mil.,"Morgan Stanley, BofA Merrill Lynch, Cowen, Oppenheimer & Co. Inc."
1766363,IPO,"Endeavor Group Holdings, Inc.","Beverly Hills, CA",EDR,NYSE,2019-05-23,26,27,$465.8 mil.,"Goldman Sachs & Co., KKR, J.P. Morgan, Morgan Stanley, Deutsche Bank Securities, Barclays Capital, Citigroup, Credit Suisse, RBC Capital Markets, UBS Investment Bank, Evercore ISI, Jefferies, HSBC"
1535527,IPO,"CrowdStrike Holdings, Inc.","Sunnyvale, CA",CRWD,Nasdaq NM,2019-05-14,28,30,$476.1 mil.,"Goldman Sachs & Co., J.P. Morgan, BofA Merrill Lynch, Barclays Capital, Credit Suisse, Jefferies, RBC Capital Markets, Stifel, HSBC, Macquarie Capital , Piper Jaffray, SunTrust Robinson Humphrey, BTIG, JMP Securities, Mizuho Securities USA Inc., Needham &"
1771515,IPO,Grocery Outlet Holding Corp.,"Emeryville, CA",GO,Nasdaq NM,2019-05-13,18,19,$375.5 mil.,"BofA Merrill Lynch, Morgan Stanley, Deutsche Bank Securities, Jefferies, Barclays Capital, Goldman Sachs & Co., Guggenheim Securities, UBS Investment Bank, Cowen, Telsey Advisory Group, Drexel Hamilton, Penserra"
1770141,IPO,"GigCapital2, Inc.","Palo Alto, CA",GIX.U,NYSE,2019-05-09,10,-,$130.0 mil.,"Early Bird Capital, Northland Capital Markets, Odeon Capital Group"
1580149,IPO,BioVie Inc.,"Los  Angeles, CA",BIVI,Nasdaq NM,2019-04-30,11.44,-,$23.0 mil.,"ThinkEquity, LLC"
1764925,IPO,"Slack Technologies, Inc.","San Francisco, CA",SK,NYSE,2019-04-26,-,-,$100.0 mil.,
1676725,IPO,"IDEAYA Biosciences, Inc.","South San Francisco, CA",IDYA,Nasdaq NM,2019-04-26,13,15,$86.3 mil.,"J.P. Morgan, Citigroup, Jefferies"
1517413,IPO,"Fastly, Inc.","San Francisco, CA",FSLY,NYSE,2019-04-19,14,16,$207.0 mil.,"BofA Merrill Lynch, Citigroup, Credit Suisse, William Blair & Co., Raymond James, Baird, Oppenheimer & Co. Inc., Craig-Hallum Capital Group, D.A. Davidson & Co."
1742691,IPO,PIMCO Mortgage Income Trust Inc.,"Newport Beach, CA",PMTG,NYSE,2019-04-18,20,-,"$1,150.0 mil.","Credit Suisse, BofA Merrill Lynch, Goldman Sachs & Co., Morgan Stanley, J.P. Morgan, UBS Investment Bank, Citigroup, Wells Fargo Securities, RBC Capital Markets, JMP Securities, Keefe, Bruyette & Woods, Jones Trading"
0,IPO,"Sonim Technologies, Inc.","San Mateo, CA",SONM,Nasdaq NM,2019-04-15,13,15,$61.6 mil.,"Oppenheimer & Co. Inc., Lake Street Capital Markets, National Securities"
1761369,IPO,"ConversionPoint Holdings, Inc.","Newport Beach, CA",CPTI,Nasdaq NM,2019-04-15,6,7,$49.5 mil.,"Oppenheimer & Co. Inc., GMP Securities, D.A. Davidson & Co."
1662774,IPO,"Cortexyme, Inc.","South San Francisco, CA",CRTX,Nasdaq NM,2019-04-12,16,18,$91.3 mil.,"BofA Merrill Lynch, Credit Suisse, Canaccord Genuity   , JMP Securities"
1646188,IPO,Ondas Holdings Inc.,"Sunnyvale, CA",ONDS,NYSE,2019-04-12,6.5,-,$46.0 mil.,"BTIG, National Securities"
1772757,IPO,Diamond Eagle Acquisition Corp.,"Los Angeles, CA",DEAC,Nasdaq NM,2019-04-11,10,-,$350.0 mil.,
1543151,IPO,"Uber Technologies, Inc","San Francisco, CA",UBER,NYSE,2019-04-11,44,50,"$10,350.0 mil.","Morgan Stanley, Goldman Sachs & Co., BofA Merrill Lynch, Barclays Capital, Citigroup, Allen & Co. Inc., RBC Capital Markets, SunTrust Robinson Humphrey, Deutsche Bank Securities, HSBC, SMBC Nikko, Mizuho Securities USA Inc., Needham & Company, Loop Capita"
1506293,IPO,"Pinterest, Inc.","San Francisco, CA",PINS,NYSE,2019-03-22,15,17,"$1,466.3 mil.","Goldman Sachs & Co., J.P. Morgan, Allen & Co. Inc., BofA Merrill Lynch, Barclays Capital, Citigroup, Credit Suisse, Deutsche Bank Securities, RBC Capital Markets, Baird, UBS Investment Bank, Wells Fargo Securities"
1585521,IPO,"Zoom Video Communications, Inc.","San Jose, CA",ZM,Nasdaq NM,2019-03-22,33,35,$840.0 mil.,"Morgan Stanley, J.P. Morgan, Goldman Sachs & Co., Credit Suisse, BofA Merrill Lynch, RBC Capital Markets, Wells Fargo Securities, JMP Securities, KeyBanc Capital Markets, Piper Jaffray, Stifel, William Blair & Co."
1595893,IPO,"Turning Point Therapeutics, Inc.","San Diego, CA",TPTX,Nasdaq NM,2019-03-21,16,18,$182.6 mil.,"Goldman Sachs & Co., SVB Leerink, Wells Fargo Securities, Canaccord Genuity"
1568100,IPO,"PagerDuty, Inc.","San Francisco, CA",PD,NYSE,2019-03-15,21,23,$239.9 mil.,"Morgan Stanley, J.P. Morgan, RBC Capital Markets, Allen & Co. Inc., KeyBanc Capital Markets, Piper Jaffray, William Blair & Co., BTIG"
1761312,IPO,"Palomar Holdings, Inc.","La Jolla, CA",PLMR,Nasdaq NM,2019-03-15,15,17,$110.0 mil.,"Barclays Capital, J.P. Morgan, Keefe, Bruyette & Woods, Evercore ISI, William Blair & Co., Sandler, O Neill & Partners, SunTrust Robinson Humphrey"
1765604,IPO,Iswill Acquisition Corp.,"Burlingame, CA",IWAC.U,Nasdaq NM,2019-03-07,10,-,$230.0 mil.,Cantor
1397702,IPO,Silk Road Medical Inc.,"Sunnyvale, CA",SILK,Nasdaq NM,2019-03-04,15,17,$91.6 mil.,"J.P. Morgan, BofA Merrill Lynch, BMO Capital Markets, Stifel"
1759509,IPO,"Lyft, Inc.","San Francisco, CA",LYFT,Nasdaq NM,2019-03-01,70,72,"$2,547.8 mil.","J.P. Morgan, Credit Suisse, Jefferies, UBS Investment Bank, Stifel, RBC Capital Markets, KeyBanc Capital Markets, Cowen, Raymond James, Canaccord Genuity   , Evercore ISI, Piper Jaffray, JMP Securities, Wells Fargo Securities, KKR, Academy Securities, Bla"
1723648,IPO,Crescent Acquisition Corp,"Los Angeles, CA",CRSAU,Nasdaq NM,2019-02-15,10,-,$250.0 mil.,"Credit Suisse, BofA Merrill Lynch, I-Bankers Securities, Inc."
94845,IPO,Levi Strauss & Co.,"San Francisco, CA",LEVI,NYSE,2019-02-13,14,16,$674.7 mil.,"Goldman Sachs & Co., J.P. Morgan, BofA Merrill Lynch, Morgan Stanley, Evercore ISI, BNP PARIBAS, Citigroup, Guggenheim Securities, HSBC, Telsey Advisory Group, Drexel Hamilton, The Williams Capital Group, L.P."
1642545,IPO,"ShockWave Medical, Inc.","Santa Clara, CA",SWAV,Nasdaq NM,2019-02-08,14,16,$97.0 mil.,"Morgan Stanley, BofA Merrill Lynch, Wells Fargo Securities, Canaccord Genuity"
1755250,IPO,"PCI Media, Inc.","Venice, CA",PCIM.U,Nasdaq NM,2019-01-14,6,8,$57.4 mil.,Roth Capital Partners
1702956,IPO,"Cirius Therapeutics, Inc.","San Diego, CA",CSTX,Nasdaq NM,2019-01-11,-,-,$86.3 mil.,"Citigroup, Credit Suisse, Needham & Company, Wedbush PacGrow Life Sciences"
1653087,IPO,"Alector, Inc.","South San Francisco, CA",ALEC,Nasdaq NM,2019-01-07,18,20,$212.8 mil.,"Morgan Stanley, BofA Merrill Lynch, Cowen, Barclays Capital"
1661460,IPO,"Poseida Therapeutics, Inc.","San Diego, CA",PSTX,Nasdaq NM,2019-01-04,-,-,$115.0 mil.,"Citigroup, Credit Suisse, Wells Fargo Securities"
1621672,IPO,"Super League Gaming, Inc.","Santa Monica, CA",SLGG,Nasdaq NM,2019-01-04,10,12,$31.4 mil.,"Northland Capital Markets, Lake Street Capital Markets, National Securities"
1708493,IPO,"Harpoon Therapeutics, Inc.","South San Francisco, CA",HARP,Nasdaq NM,2018-12-27,13,15,$93.2 mil.,"Citigroup, SVB Leerink, Canaccord Genuity   , Wedbush PacGrow Life Sciences"
1519472,IPO,"SolarMax Technology, Inc.","Riverside, CA",SMXT,Nasdaq NM,2018-12-24,4,-,$18.4 mil.,"ViewTrade Securities, Inc."
1483752,IPO,"Cibus Global, Ltd.","San Diego, CA",CBUS,Nasdaq NM,2018-12-21,14,16,$122.7 mil.,"Morgan Stanley, BofA Merrill Lynch, Piper Jaffray, BMO Capital Markets"
1728117,IPO,"Gossamer Bio, Inc.","San Diego, CA",GOSS,Nasdaq NM,2018-12-21,16,-,$264.5 mil.,"BofA Merrill Lynch, SVB Leerink, Barclays Capital, Evercore ISI"
1758057,IPO,"Gores Metropoulos, Inc.","Beverly Hills, CA",GMHIU,Nasdaq NM,2018-12-11,10,-,$375.0 mil.,"Deutsche Bank Securities, Credit Suisse"
1312109,IPO,Silvergate Capital Corp,"La Jolla, CA",SI,NYSE,2018-11-16,13,15,$64.6 mil.,"Barclays Capital, Keefe, Bruyette & Woods, Sandler, O Neill & Partners, Compass Point Research & Trading, LLC, Galaxy Digital, Performance Trust Capital Partners, LLC"
1655210,IPO,"Beyond Meat, Inc.","El Segundo, CA",BYND,Nasdaq NM,2018-11-16,23,25,$276.7 mil.,"Goldman Sachs & Co., J.P. Morgan, Credit Suisse, BofA Merrill Lynch, Jefferies, William Blair & Co."
1609727,IPO,"Synthorx, Inc.","La Jolla, CA",THOR,Nasdaq NM,2018-11-13,10,12,$125.6 mil.,"Jefferies, SVB Leerink, Evercore ISI, H.C. Wainwright & Co."
1642375,IPO,"Guardion Health Sciences, Inc.","San Diego, CA",GHSI,NYSE,2018-10-31,3,4,$6.90 mil.,"WallachBeth Capital, LLC, Westpark Capital, Inc."
1751143,IPO,Boxwood Merger Corp.,"Santa Monica, CA",BWMCU,Nasdaq NM,2018-10-26,10,-,$230.0 mil.,"BofA Merrill Lynch, Morgan Stanley, Macquarie Capital , I-Bankers Securities, Inc."
1750407,IPO,Uranium Trading Corp,"El Segundo, CA",UTC,NYSE,2018-10-05,10,12,$57.5 mil.,B. Riley FBR
1603756,IPO,"Axonics Modulation Technologies, Inc.","Irvine, CA",AXNX,Nasdaq NM,2018-10-05,14,16,$122.7 mil.,"BofA Merrill Lynch, Morgan Stanley, Wells Fargo Securities, SunTrust Robinson Humphrey"
1581280,IPO,Twist Bioscience Corp,"San Francisco, CA",TWST,Nasdaq NM,2018-10-03,14,16,$103.5 mil.,"J.P. Morgan, Cowen, Allen & Co. Inc., Baird"
1426332,IPO,"NGM Biopharmaceuticals, Inc.","South San Francisco, CA",NGM,Nasdaq NM,2018-09-28,14,16,$122.7 mil.,"Goldman Sachs & Co., Citigroup, Cowen"
1746618,IPO,"Revolve Group, LLC","Cerritos, CA",RVLV,NYSE,2018-09-28,16,18,$243.5 mil.,"Morgan Stanley, Credit Suisse, BofA Merrill Lynch, Barclays Capital, Jefferies, Cowen, Guggenheim Securities, Raymond James, William Blair & Co."
1459839,IPO,"SI-BONE, Inc.","Santa Clara, CA",SIBN,Nasdaq NM,2018-09-20,13,15,$108.0 mil.,"Morgan Stanley, BofA Merrill Lynch, Canaccord Genuity   , JMP Securities"
1714280,IPO,"SpineEx, Inc.","Fremont, CA",SPIX,Nasdaq NM,2018-09-18,-,-,$17.3 mil.,"ThinkEquity, LLC"
1746466,IPO,"Equillium, Inc.","La Jolla, CA",EQ,Nasdaq NM,2018-09-17,14,16,$85.9 mil.,"Jefferies, SVB Leerink, Stifel"
1737287,IPO,"Allogene Therapeutics, Inc.","South San Francisco, CA",ALLO,Nasdaq NM,2018-09-14,16,18,$331.2 mil.,"Goldman Sachs & Co., J.P. Morgan, Cowen, Jefferies"
1540755,IPO,"Anaplan, Inc.","San Francisco, CA",PLAN,NYSE,2018-09-14,15,17,$303.0 mil.,"Goldman Sachs & Co., Morgan Stanley, Barclays Capital, KeyBanc Capital Markets, Canaccord Genuity   , Evercore ISI, JMP Securities, Needham & Company, Piper Jaffray, SunTrust Robinson Humphrey"
1743725,IPO,ChaSerg Technology Acquisition Corp,"La Jolla, CA",CTAC.U,Nasdaq NM,2018-09-12,10,-,$230.0 mil.,Cantor
1468748,IPO,Kodiak Sciences Inc.,"Palo Alto, CA",KOD,Nasdaq NM,2018-09-07,13,15,$155.3 mil.,"Morgan Stanley, BofA Merrill Lynch, Barclays Capital, Chardan Capital Markets"
1627475,IPO,Upwork Inc.,"Mountain View, CA",UPWK,Nasdaq NM,2018-09-06,12,14,$198.0 mil.,"Citigroup, Jefferies, RBC Capital Markets, Stifel, JMP Securities"
1576280,IPO,"Guardant Health, Inc.","Redwood City, CA",GH,Nasdaq NM,2018-09-06,15,17,$244.4 mil.,"J.P. Morgan, BofA Merrill Lynch, Cowen, SVB Leerink, William Blair & Co."
1707753,IPO,Elastic N.V.,"Mountain View, CA",ESTC,NYSE,2018-09-05,33,35,$281.8 mil.,"Goldman Sachs & Co., J.P. Morgan, Barclays Capital, RBC Capital Markets, BofA Merrill Lynch, Citigroup, Jefferies, Canaccord Genuity"
1382101,IPO,"Sutro Biopharma, Inc.","South San Francisco, CA",STRO,Nasdaq NM,2018-08-29,14,16,$92.0 mil.,"Cowen, Piper Jaffray, JMP Securities, Wedbush PacGrow Life Sciences"
1739936,IPO,SVMK Inc. (SurveyMonkey),"San Mateo, CA",SVMK,Nasdaq NM,2018-08-29,9,11,$170.8 mil.,"J.P. Morgan, Allen & Co. Inc., BofA Merrill Lynch, Credit Suisse, UBS Investment Bank, Wells Fargo Securities, SunTrust Robinson Humphrey, CODE Advisors, Foros, JMP Securities, LionTree"
1656634,IPO,"Gritstone Oncology, Inc.","Emeryville, CA",GRTS,Nasdaq NM,2018-08-23,13,15,$104.7 mil.,"Goldman Sachs & Co., Cowen, Barclays Capital, BTIG"
1475115,IPO,"Eventbrite, Inc.","San Francisco, CA",EB,NYSE,2018-08-23,21,23,$264.5 mil.,"Goldman Sachs & Co., J.P. Morgan, Allen & Co. Inc., RBC Capital Markets, SunTrust Robinson Humphrey, Stifel"
1510487,IPO,Principia Biopharma Inc.,"South San Francisco, CA",PRNB,Nasdaq NM,2018-08-17,15,17,$122.2 mil.,"BofA Merrill Lynch, SVB Leerink, Wells Fargo Securities, Baird"
1566610,IPO,"Verb Technology Company, Inc.","Los Angeles, CA",VERB,Nasdaq NM,2018-08-14,7.65,-,$23.0 mil.,A.G.P.
1720821,IPO,"Gores Holdings III, Inc.","Beverly Hills, CA",GRSHU,Nasdaq NM,2018-08-10,10,-,$375.0 mil.,Deutsche Bank Securities
1614067,IPO,"Aridis Pharmaceuticals, Inc.","San Jose, CA",ARDS,Nasdaq NM,2018-07-18,13,15,$34.5 mil.,"Cantor, Maxim Group LLC, Northland Capital Markets, Laidlaw & Company, Seaport Global Securities"
1423869,IPO,Pacific City Financial Corp.,"Los Angeles, CA",PCB,Nasdaq NM,2018-07-17,20,22,$60.3 mil.,"Keefe, Bruyette & Woods, Raymond James, Sandler, O Neill & Partners"
1716621,IPO,"Ra Medical Systems, Inc.","Carlsbad, CA",RMED,NYSE,2018-07-16,14,16,$61.3 mil.,"Piper Jaffray, Cantor, SunTrust Robinson Humphrey, Nomura Securities, Maxim Group LLC"
1643301,IPO,Cure Pharmaceutical Holding Corp.,"Oxnard, CA",CURR,Nasdaq NM,2018-07-09,5,7,$24.7 mil.,"Network 1 Financial Securities, Inc."
1314727,IPO,Sonos Inc,"Santa Barbara, CA",SONO,Nasdaq NM,2018-07-06,17,19,$303.5 mil.,"Morgan Stanley, Goldman Sachs & Co., Allen & Co. Inc., RBC Capital Markets, Jefferies, KKR, Raymond James, Stifel"
1736946,IPO,"Arlo Technologies, Inc.","San Jose, CA",ARLO,NYSE,2018-07-06,18,20,$234.9 mil.,"BofA Merrill Lynch, Deutsche Bank Securities, Guggenheim Securities, Raymond James, Cowen, Imperial Capital"
1411690,IPO,"BioNano Genomics, Inc","San Diego, CA",BNGO,Nasdaq NM,2018-06-28,6,7,$19.7 mil.,"Roth Capital Partners, Maxim Group LLC, LifeSci Capital LLC"
1658247,IPO,"Crinetics Pharmaceuticals, Inc.","San Diego, CA",CRNX,Nasdaq NM,2018-06-22,15,17,$97.8 mil.,"J.P. Morgan, SVB Leerink, Piper Jaffray"
1664703,IPO,Bloom Energy Corp,"Sunnyvale, CA",BE,NYSE,2018-06-12,13,15,$310.5 mil.,"J.P. Morgan, Morgan Stanley, Credit Suisse, KeyBanc Capital Markets, BofA Merrill Lynch, Baird, Cowen, HSBC, Oppenheimer & Co. Inc., Raymond James"
1595585,IPO,"Tricida, Inc.","South San Francisco, CA",TCDA,Nasdaq NM,2018-06-04,16,18,$213.2 mil.,"Goldman Sachs & Co., J.P. Morgan, Cowen"
1667633,IPO,"Forty Seven, Inc.","Menlo Park, CA",FTSV,Nasdaq NM,2018-06-01,14,16,$123.3 mil.,"Morgan Stanley, Credit Suisse, Canaccord Genuity   , BTIG, Oppenheimer & Co. Inc."
1731831,IPO,"Eidos Therapeutics, Inc.","San Francisco, CA",EIDX,Nasdaq NM,2018-05-25,15,17,$122.2 mil.,"J.P. Morgan, BofA Merrill Lynch, Barclays Capital"
1645666,IPO,"Kezar Life Sciences, Inc.","South San Francisco, CA",KZR,Nasdaq NM,2018-05-24,14,16,$85.9 mil.,"Jefferies, Cowen, Wells Fargo Securities, William Blair & Co."
1713832,IPO,HyreCar Inc.,"Los Angeles, CA",HYRE,Nasdaq NM,2018-05-23,5,6,$13.8 mil.,"Network 1 Financial Securities, Inc."
1278150,IPO,"Adaptive Insights, Inc.","Palo Alto, CA",ADIN,NYSE,2018-05-17,13,15,$141.5 mil.,"Morgan Stanley, BofA Merrill Lynch, Jefferies, RBC Capital Markets, JMP Securities, Oppenheimer & Co. Inc."
1691077,IPO,"YayYo, Inc.","Beverly Hills, CA",YAYO,Nasdaq NM,2018-04-30,4,-,$11.5 mil.,Aegis Capital Corp.
1730984,IPO,BayCom Corp,"Walnut Creek, CA",BCML,Nasdaq NM,2018-04-11,21,23,$57.5 mil.,"FIG Partners LLC, D.A. Davidson & Co."
1463361,IPO,"Unity Biotechnology, Inc.","Brisbane, CA",UBX,Nasdaq NM,2018-04-05,16,18,$103.5 mil.,"Goldman Sachs & Co., Morgan Stanley, Citigroup, Mizuho Securities USA Inc."
1261333,IPO,"DocuSign, Inc.","San Francisco, CA",DOCU,Nasdaq NM,2018-03-28,26,28,$698.7 mil.,"Morgan Stanley, J.P. Morgan, Citigroup, BofA Merrill Lynch, Deutsche Bank Securities, JMP Securities, Piper Jaffray, William Blair & Co."
1574135,IPO,"Pivotal Software, Inc.","San Francisco, CA",PVTL,NYSE,2018-03-23,14,16,$680.8 mil.,"Morgan Stanley, Goldman Sachs & Co., Citigroup, BofA Merrill Lynch, Barclays Capital, Credit Suisse, RBC Capital Markets, UBS Investment Bank, Wells Fargo Securities, KeyBanc Capital Markets, William Blair & Co."
1423774,IPO,"Zuora, Inc.","San Mateo, CA",ZUO,NYSE,2018-03-16,11,13,$154.0 mil.,"Goldman Sachs & Co., Morgan Stanley, Allen & Co. Inc., Jefferies, Canaccord Genuity   , Needham & Company"
1722010,IPO,OP Bancorp,"Los Angeles, CA",OPBK,OTC BB,2018-03-05,9.5,11.5,$26.5 mil.,"Keefe, Bruyette & Woods, D.A. Davidson & Co."
1467623,IPO,"Dropbox, Inc.","San Francisco, CA",DBX,Nasdaq NM,2018-02-23,18,20,$684.0 mil.,"Goldman Sachs & Co., J.P. Morgan, Deutsche Bank Securities, Allen & Co. Inc., BofA Merrill Lynch, RBC Capital Markets, Jefferies, Macquarie Capital , Canaccord Genuity   , JMP Securities, KeyBanc Capital Markets, Piper Jaffray"
1713683,IPO,"Zscaler, Inc.","San Jose, CA",ZS,Nasdaq NM,2018-02-16,13,15,$207.0 mil.,"Morgan Stanley, Goldman Sachs & Co., BofA Merrill Lynch, Barclays Capital, Deutsche Bank Securities, Credit Suisse, UBS Investment Bank, Baird, BTIG, Needham & Company, Stephens, Inc."
1724521,IPO,"Arcus Biosciences, Inc.","Hayward, CA",RCUS,NYSE,2018-02-16,13,15,$122.5 mil.,"Citigroup, Goldman Sachs & Co., SVB Leerink"
1723648,IPO,Crescent Funding Inc.,"Los Angeles, CA",CFUNU,Nasdaq NM,2018-01-12,10,-,$287.5 mil.,"UBS Investment Bank, BofA Merrill Lynch, Stifel"
1570562,IPO,"Evolus, Inc.","Irvine, CA",EOLS,Nasdaq NM,2018-01-09,12,14,$80.5 mil.,"Cantor, Mizuho Securities USA Inc., SunTrust Robinson Humphrey, JMP Securities"
1693664,IPO,"ARMO BioSciences, Inc.","Redwood City, CA",ARMO,Nasdaq NM,2017-12-29,14,16,$122.7 mil.,"Jefferies, SVB Leerink, BMO Capital Markets, Baird"
1566044,IPO,Menlo Therapeutics Inc.,"Redwood City, CA",MNLO,Nasdaq NM,2017-12-28,16,17,$127.1 mil.,"Jefferies, Piper Jaffray, Guggenheim Securities, JMP Securities"
1718512,IPO,Gates Industrial Corporation plc,"Denver, CA",GTES,NYSE,2017-12-27,18,21,$929.8 mil.,"Citigroup, Morgan Stanley, UBS Investment Bank, Barclays Capital, Credit Suisse, Goldman Sachs & Co., RBC Capital Markets"
1712189,IPO,Target Hospitality Corp.,"Los Angeles, CA",EAGLU,Nasdaq NM,2017-12-22,10,-,$345.0 mil.,"Deutsche Bank Securities, BofA Merrill Lynch, I-Bankers Securities, Inc."
1720353,IPO,Nebula Acquisition Corp,"San Francisco, CA",NEBU.U,Nasdaq NM,2017-12-18,10,-,$287.5 mil.,"Deutsche Bank Securities, Goldman Sachs & Co."
1394056,IPO,"One Stop Systems, Inc","Escondido, CA",OSS,Nasdaq NM,2017-12-18,6,8,$26.5 mil.,Roth Capital Partners
1719489,IPO,"GigCapital, Inc.","Palo Alto, CA",GIG.U,NYSE,2017-11-15,10,-,$172.5 mil.,Cowen
1717452,IPO,"Odonate Therapeutics, LLC","San Diego, CA",ODT,Nasdaq NM,2017-11-13,24,27,$182.6 mil.,"Goldman Sachs & Co., Cowen, Jefferies"
1714899,IPO,Denali Therapeutics Inc.,"South San Francisco, CA",DNLI,Nasdaq NM,2017-11-13,17,19,$303.5 mil.,"Goldman Sachs & Co., Morgan Stanley, J.P. Morgan, Evercore ISI"
1475348,IPO,Luther Burbank Corp,"Santa Rosa, CA",LBC,Nasdaq NM,2017-11-09,10.5,12.5,$163.2 mil.,"Keefe, Bruyette & Woods, Sandler, O Neill & Partners, Piper Jaffray, D.A. Davidson & Co."
1576942,IPO,"Stitch Fix, Inc.","San Francisco, CA",SFIX,Nasdaq NM,2017-10-19,18,20,$230.0 mil.,"Goldman Sachs & Co., J.P. Morgan, Barclays Capital, RBC Capital Markets, Piper Jaffray, Stifel, William Blair & Co."
1316016,IPO,Aquantia Corp.,"San Jose, CA",AQ,NYSE,2017-10-06,10,12,$94.1 mil.,"Morgan Stanley, Barclays Capital, Deutsche Bank Securities, Needham & Company, Raymond James"
1145057,IPO,"ForeScout Technologies, Inc.","San Jose, CA",FSCT,Nasdaq NM,2017-10-02,20,22,$121.4 mil.,"Morgan Stanley, J.P. Morgan, Citigroup, BofA Merrill Lynch, UBS Investment Bank, KeyBanc Capital Markets"
1080657,IPO,"NetREIT, Inc.","Escondido, CA",SQFT,NYSE,2017-09-18,-,-,$69.0 mil.,"Janney Montgomery Scott, LLC"
1680062,IPO,"ACM Research, Inc.","Fremont, CA",ACMR,Nasdaq NM,2017-09-13,7.5,9.5,$21.9 mil.,"Roth Capital Partners, Craig-Hallum Capital Group, The Benchmark Company"
1661053,IPO,"Hancock Jaffe Laboratories, Inc.","Irvine, CA",HJLI,Nasdaq NM,2017-09-07,6,8,$15.0 mil.,"Network 1 Financial Securities, Inc., WallachBeth Capital, LLC"
1705012,IPO,FAT Brands Inc.,"Beverly Hills, CA",FAT,Nasdaq NM,2017-09-06,12,-,$24.0 mil.,"TriPoint Global Equities, LLC"
1409269,IPO,Restoration Robotics Inc,"San Jose, CA",HAIR,Nasdaq NM,2017-09-01,7,9,$32.3 mil.,"National Securities, Roth Capital Partners, Craig-Hallum Capital Group"
1428439,IPO,"Roku, Inc.","Los Gatos, CA",ROKU,Nasdaq NM,2017-09-01,12,14,$252.3 mil.,"Morgan Stanley, Citigroup, Allen & Co. Inc., RBC Capital Markets, Needham & Company, Oppenheimer & Co. Inc., William Blair & Co."
1705771,IPO,Draper Oakwood Technology Acquisition Inc.,"San Mateo, CA",DOTAU,Nasdaq NM,2017-08-25,10,-,$50.0 mil.,Early Bird Capital
1706946,IPO,Social Capital Hedosophia Holdings Corp.,"Palo Alto, CA",IPOA.U,NYSE,2017-08-23,10,-,$575.0 mil.,Credit Suisse
1702528,IPO,Torrid Inc.,"City of Industry, CA",CURV,NYSE,2017-07-10,-,-,$100.0 mil.,"BofA Merrill Lynch, Morgan Stanley, Goldman Sachs & Co., J.P. Morgan, J.P. Morgan, Jefferies, Baird, Telsey Advisory Group, William Blair & Co."
1656328,IPO,"Sienna Biopharmaceuticals, Inc.","Westlake Village, CA",SNNA,Nasdaq NM,2017-07-03,14,16,$74.7 mil.,"J.P. Morgan, Cowen, BMO Capital Markets"
1499422,IPO,RBB Bancorp,"Los Angeles, CA",RBB,Nasdaq NM,2017-06-28,22,24,$82.8 mil.,"Sandler, O Neill & Partners, Keefe, Bruyette & Woods, Stephens, Inc., FIG Partners LLC"
1703497,IPO,"YogaWorks, Inc.","Culver City, CA",YOGA,Nasdaq NM,2017-06-23,5.5,6.5,$80.5 mil.,"Cowen, Stephens, Inc., Guggenheim Securities, Roth Capital Partners, Imperial Capital"
1554875,IPO,"Tintri, Inc.","Mountain View, CA",TNTR,Nasdaq NM,2017-06-01,10.5,12.5,$125.1 mil.,"Morgan Stanley, BofA Merrill Lynch, Pacific Crest Securities, Needham & Company, Piper Jaffray, Raymond James, William Blair & Co."
1491419,IPO,"LiveXLive Media, Inc.","Beverly Hills, CA",LXL,NYSE,2017-05-11,4,-,$23.0 mil.,"BMO Capital Markets, JMP Securities, Craig-Hallum Capital Group"
1703887,IPO,Advantage Solutions Inc.,"Irvine, CA",ADV,NYSE,2017-05-04,-,-,$100.0 mil.,"Goldman Sachs & Co., Morgan Stanley"
1351636,IPO,"ShotSpotter, Inc.","Newark, CA",SSTI,Nasdaq NM,2017-05-02,10,12,$38.6 mil.,"Roth Capital Partners, Northland Capital Markets, Imperial Capital"
18169,IPO,Dole Food Company Inc.,"Westlake Village, CA",,,2017-04-25,-,-,$100.0 mil.,"Morgan Stanley, BofA Merrill Lynch, Deutsche Bank Securities"
1574197,IPO,"Five Point Holdings, LLC","Aliso Viejo, CA",FPH,NYSE,2017-04-07,18,20,$483.0 mil.,"Citigroup, J.P. Morgan, RBC Capital Markets, Wells Fargo Securities, Deutsche Bank Securities, Evercore ISI, Zelman Partners LLC, JMP Securities"
1579214,IPO,"Emerald Expositions Events, Inc.","San Juan Capistrano, CA",EEX,NYSE,2017-03-31,18,20,$356.5 mil.,"BofA Merrill Lynch, Barclays Capital, Goldman Sachs & Co., Citigroup, Credit Suisse, Deutsche Bank Securities, RBC Capital Markets, Baird"
1535379,IPO,"Cloudera, Inc.","Palo Alto, CA",CLDR,NYSE,2017-03-31,12,14,$241.5 mil.,"Morgan Stanley, J.P. Morgan, Allen & Co. Inc., BofA Merrill Lynch, Citigroup, Deutsche Bank Securities, Stifel, JMP Securities, Raymond James"
1615165,IPO,"Veritone, Inc.","Newport Beach, CA",VERI,Nasdaq NM,2017-03-15,14,16,$46.0 mil.,"Wunderlich Securities, Craig-Hallum Capital Group, Northland Capital Markets"
1660134,IPO,"Okta, Inc.","San Francisco, CA",OKTA,Nasdaq NM,2017-03-13,15,17,$215.1 mil.,"Goldman Sachs & Co., J.P. Morgan, Allen & Co. Inc., Pacific Crest Securities, Canaccord Genuity   , JMP Securities"
1419041,IPO,Tocagen Inc.,"San Diego, CA",TOCA,Nasdaq NM,2017-03-09,10,12,$100.1 mil.,"SVB Leerink, Evercore ISI, Stifel"
1689923,IPO,"Alteryx, Inc.","Irvine, CA",AYX,NYSE,2017-02-24,12,14,$144.9 mil.,"Goldman Sachs & Co., J.P. Morgan, Pacific Crest Securities, William Blair & Co., JMP Securities, Raymond James, Cowen"
1374684,IPO,"MuleSoft, Inc.","San Francisco, CA",MULE,NYSE,2017-02-17,14,16,$209.3 mil.,"Goldman Sachs & Co., J.P. Morgan, BofA Merrill Lynch, Allen & Co. Inc., Barclays Capital, Jefferies, Canaccord Genuity   , Piper Jaffray, William Blair & Co."
1136174,IPO,"Catasys, Inc.","Los Angeles, CA",CATS,Nasdaq NM,2017-02-10,8.4,-,$15.0 mil.,Joseph Gunnar & Co LLC
1564408,IPO,Snap Inc.,"Venice, CA",SNAP,NYSE,2017-02-02,14,16,"$3,680.0 mil.","Morgan Stanley, Goldman Sachs & Co., J.P. Morgan, Deutsche Bank Securities, Barclays Capital, Credit Suisse, Allen & Co. Inc."
1688941,IPO,"Foundation Building Materials, Inc.","Tustin, CA",FBM,NYSE,2017-01-13,17,19,$279.7 mil.,"Deutsche Bank Securities, Barclays Capital, RBC Capital Markets, Citigroup, Baird, Raymond James, Stephens, Inc., SunTrust Robinson Humphrey, William Blair & Co."
1435043,IPO,"AppDynamics, Inc.","San Francisco, CA",APPD,Nasdaq NM,2016-12-28,12,14,$193.2 mil.,"Morgan Stanley, Goldman Sachs & Co., J.P. Morgan, Barclays Capital, UBS Investment Bank, Wells Fargo Securities, William Blair & Co., JMP Securities"
1682745,IPO,"Gores Holdings II, Inc.","Beverly Hills, CA",GSHTU,Nasdaq NM,2016-12-09,10,-,$431.3 mil.,Deutsche Bank Securities
1652535,IPO,"Ichor Holdings, Ltd.","Fremont, CA",ICHR,Nasdaq NM,2016-11-14,12,14,$92.6 mil.,"Deutsche Bank Securities, Stifel, RBC Capital Markets, Cowen, Needham & Company"
1677576,IPO,"Innovative Industrial Properties, Inc.","San Diego, CA",IIPR,NYSE,2016-10-17,20,-,$201.3 mil.,"Ladenburg Thalmann, Compass Point Research & Trading, LLC"
1672750,IPO,"Mota Group, Inc.","San Jose, CA",MOTA,Nasdaq NM,2016-10-05,9.99,-,$7.48 mil.,"Joseph Gunnar & Co LLC, Axiom Capital Management, Inc."
1666134,IPO,"BlackLine, Inc.","Woodland Hills, CA",BL,Nasdaq NM,2016-09-30,16,17,$168.1 mil.,"Goldman Sachs & Co., J.P. Morgan, Pacific Crest Securities, Raymond James, William Blair & Co., Baird"
1370702,IPO,"Quantenna Communications, Inc.","Fremont, CA",QTNA,Nasdaq NM,2016-09-29,14,16,$123.3 mil.,"Morgan Stanley, Barclays Capital, Deutsche Bank Securities, Needham & Company, William Blair & Co., Roth Capital Partners"
1388658,IPO,"iRhythm Technologies, Inc.","San Francisco, CA",IRTC,Nasdaq NM,2016-09-23,13,15,$107.0 mil.,"J.P. Morgan, Morgan Stanley, Canaccord Genuity   , BTIG"
1427570,IPO,"Obalon Therapeutics, Inc.","Carlsbad, CA",OBLN,Nasdaq NM,2016-09-09,14,16,$92.0 mil.,"UBS Investment Bank, Canaccord Genuity   , Stifel, BTIG"
1622345,IPO,"Polar Power, Inc.","Gardena, CA",POLA,Nasdaq NM,2016-09-09,7,8,$18.4 mil.,"Joseph Gunnar & Co LLC, Roth Capital Partners, Feltl and Company, Inc."
1385867,IPO,Coupa Software Inc.,"San Mateo, CA",COUP,Nasdaq NM,2016-09-08,16,18,$153.2 mil.,"Morgan Stanley, J.P. Morgan, Barclays Capital, RBC Capital Markets, JMP Securities, Raymond James"
1674930,IPO,"Fulgent Genetics, Inc.","Temple City, CA",FLGT,Nasdaq NM,2016-09-02,9,11,$53.1 mil.,"Credit Suisse, Piper Jaffray, Raymond James, BTIG"
1600033,IPO,"e.l.f. Beauty, Inc.","Oakland, CA",ELF,NYSE,2016-08-26,14,16,$153.3 mil.,"J.P. Morgan, Morgan Stanley, Piper Jaffray, Wells Fargo Securities, William Blair & Co., Cowen, BMO Capital Markets, Stifel, SunTrust Robinson Humphrey"
1671854,IPO,Saban Capital Acquisition Corp.,"Los Angeles, CA",SCACU,Nasdaq NM,2016-08-23,10,-,$230.0 mil.,"Deutsche Bank Securities, Goldman Sachs & Co."
1671933,IPO,"Trade Desk, Inc.","Ventura, CA",TTD,Nasdaq NM,2016-08-22,16,18,$96.6 mil.,"Citigroup, Jefferies, RBC Capital Markets, Needham & Company, Raymond James"
1272842,IPO,"Airgain, Inc.","San Diego, CA",AIRG,Nasdaq NM,2016-07-15,9,10,$17.3 mil.,"Northland Capital Markets, Wunderlich Securities"
1377121,IPO,"Protagonist Therapeutics, Inc.","Milpitas, CA",PTGX,Nasdaq NM,2016-07-11,11,13,$87.2 mil.,"SVB Leerink, Barclays Capital, BMO Capital Markets"
1656589,IPO,FOTV Media Networks Inc.,"Beverly Hills, CA",FOTV,Nasdaq NM,2016-07-05,8,-,$34.5 mil.,"Bonwick Capital Partners LLC, Network 1 Financial Securities, Inc."
1420520,IPO,Atomera Inc,"Los Gatos, CA",ATMR,Nasdaq NM,2016-06-30,7.5,-,$27.6 mil.,National Securities
1501432,IPO,Full Spectrum Inc.,"Sunnyvale, CA",FMAX,Nasdaq NM,2016-06-30,7,9,$17.3 mil.,Joseph Gunnar & Co LLC
1643858,IPO,"Blue Coat, Inc.","Sunnyvale, CA",BLCT,NYSE,2016-06-02,-,-,$100.0 mil.,"Morgan Stanley, J.P. Morgan, Credit Suisse, Goldman Sachs & Co., Jefferies, UBS Investment Bank, RBC Capital Markets, Wells Fargo Securities, Cowen, Pacific Crest Securities, Piper Jaffray, William Blair & Co."
1447669,IPO,Twilio Inc.,"San Francisco, CA",TWLO,NYSE,2016-05-26,12,14,$161.0 mil.,"Goldman Sachs & Co., J.P. Morgan, Allen & Co. Inc., Pacific Crest Securities, JMP Securities, William Blair & Co., Canaccord Genuity"
1566469,IPO,"NantHealth, Inc.","Culver City, CA",NH,Nasdaq NM,2016-05-06,12.5,15.5,$115.9 mil.,"Jefferies, Cowen, First Analysis Securities Corporation, FBR"
879682,IPO,"Viveve Medical, Inc.","Sunnyvale, CA",VIVE,Nasdaq NM,2016-04-19,8,-,$14.4 mil.,"Ladenburg Thalmann, Craig-Hallum Capital Group, Maxim Group LLC"
1652761,IPO,Hunting Dog Capital Corp.,"San Francisco, CA",HDCC,Nasdaq NM,2016-03-04,-,-,$50.0 mil.,"WR Hambrecht + Co, LLC"
1660067,IPO,Colony Global Acquisition Corp.,"Los Angeles, CA",CCACU,Nasdaq NM,2016-02-05,10,-,$345.0 mil.,Credit Suisse
1628738,IPO,"Audentes Therapeutics, Inc.","San Francisco, CA",BOLD,Nasdaq NM,2016-01-04,14,16,$92.0 mil.,"BofA Merrill Lynch, Cowen, Piper Jaffray, Wedbush PacGrow Life Sciences"
1626971,IPO,"Corvus Pharmaceuticals, Inc.","Burlingame, CA",CRVS,Nasdaq NM,2016-01-04,15,17,$115.0 mil.,"Credit Suisse, Cowen, Guggenheim Securities, Cantor, BTIG"
1618732,IPO,"Nutanix, Inc.","San Jose, CA",NTNX,Nasdaq NM,2015-12-22,13,15,$241.5 mil.,"Goldman Sachs & Co., Morgan Stanley, J.P. Morgan, RBC Capital Markets, Baird, Needham & Company, Oppenheimer & Co. Inc., Pacific Crest Securities, Piper Jaffray, Raymond James, Stifel, William Blair & Co."
1625101,IPO,"Pulse Biosciences, Inc.","Burlingame, CA",PLSE,Nasdaq NM,2015-12-22,4,-,$23.0 mil.,MDB Capital Group LLC
727634,IPO,iSign Solutions Inc.,"Redwood Shores, CA",ISGN,Nasdaq NM,2015-12-17,-,-,$11.5 mil.,Joseph Gunnar & Co LLC
1651530,IPO,"Shimmick Construction Company, Inc.","Oakland, CA",SCCI,Nasdaq NM,2015-11-04,11,13,$86.3 mil.,"FBR, BB&T Capital Markets, D.A. Davidson & Co."
1422143,IPO,"Kura Oncology, Inc.","La Jolla, CA",KURA,Nasdaq NM,2015-10-20,16,-,$86.3 mil.,"Citigroup, SVB Leerink, JMP Securities, Oppenheimer & Co. Inc."
1648798,IPO,"Ballast Point Brewing & Spirits, Inc.","San Diego, CA",PINT,Nasdaq NM,2015-10-19,-,-,$172.5 mil.,"Goldman Sachs & Co., Morgan Stanley, Baird, BMO Capital Markets, Cowen, Nomura Securities"
1337425,IPO,Ellipse Technologies Inc,"Aliso Viejo, CA",MGEC,Nasdaq NM,2015-10-16,-,-,$75.0 mil.,"Piper Jaffray, William Blair & Co., Canaccord Genuity   , Oppenheimer & Co. Inc."
1512673,IPO,"Square, Inc.","San Francisco, CA",SQ,NYSE,2015-10-14,11,13,$403.7 mil.,"Goldman Sachs & Co., Morgan Stanley, J.P. Morgan"
1651502,IPO,"loanDepot, Inc.","Foothill Ranch, CA",LDI,NYSE,2015-10-08,16,18,$621.0 mil.,"Morgan Stanley, Goldman Sachs & Co., Wells Fargo Securities, Barclays Capital, UBS Investment Bank, BMO Capital Markets"
1552451,IPO,MyoKardia Inc,"South San Francisco, CA",MYOK,Nasdaq NM,2015-09-28,15,17,$91.6 mil.,"Credit Suisse, Cowen, BMO Capital Markets, Wedbush PacGrow Life Sciences"
1395848,IPO,Adesto Technologies Corp.,"Sunnyvale, CA",IOTS,Nasdaq NM,2015-09-14,7,-,$56.6 mil.,"Needham & Company, Oppenheimer & Co. Inc., Roth Capital Partners"
1370053,IPO,"AnaptysBio, Inc.","San Diego, CA",ANAB,Nasdaq NM,2015-09-09,14,16,$86.3 mil.,"BMO Capital Markets, Stifel, JMP Securities, Wedbush PacGrow Life Sciences"
,,,,,,,,,,